continent,maxgdpPecap
Africa,21951.21176
Americas,42951.65309
Asia,113523.1329
Europe,49357.19017
Oceania,34435.36744
